,prediction,% to Churn,Risk
0,Current,0.3579992807148595,Low
1,Current,0.03792819207212148,Low
2,Current,0.03792819207212148,Low
3,Current,0.03792819207212148,Low
4,Current,0.03792819207212148,Low
5,Churned,0.597951878410157,Medium
6,Churned,0.701075775758614,High
7,Current,0.10714262829754723,Low
8,Current,0.3579992807148595,Low
9,Churned,0.701075775758614,High
10,Churned,0.88322082086094,Very High
11,Churned,0.597951878410157,Medium
12,Churned,0.701075775758614,High
13,Current,0.4722870219991133,Medium
14,Current,0.4722870219991133,Medium
15,Current,0.3579992807148595,Low
16,Churned,0.701075775758614,High
17,Current,0.03792819207212148,Low
18,Current,0.4722870219991133,Medium
19,Current,0.03792819207212148,Low
20,Current,0.0,Low
21,Current,0.3505641816954378,Low
22,Current,0.4634262948207173,Medium
23,Current,0.03792819207212148,Low
24,Current,0.03792819207212148,Low
25,Current,0.4722870219991133,Medium
26,Current,0.4722870219991133,Medium
27,Current,0.10714262829754723,Low
28,Current,0.10714262829754723,Low
29,Current,0.3579992807148595,Low
30,Current,0.42007945106536587,Medium
31,Current,0.0,Low
32,Current,0.2530455969369993,Low
33,Churned,0.701075775758614,High
34,Current,0.03792819207212148,Low
35,Current,0.2530455969369993,Low
36,Churned,0.88322082086094,Very High
37,Churned,0.597951878410157,Medium
38,Churned,0.701075775758614,High
39,Current,0.10714262829754723,Low
40,Churned,0.7273256050673844,High
41,Current,0.3579992807148595,Low
42,Current,0.2530455969369993,Low
43,Current,0.03792819207212148,Low
44,Current,0.03792819207212148,Low
45,Current,0.03792819207212148,Low
46,Current,0.10714262829754723,Low
47,Current,0.03792819207212148,Low
48,Current,0.03792819207212148,Low
49,Current,0.4722870219991133,Medium
50,Current,0.42007945106536587,Medium
51,Current,0.3579992807148595,Low
52,Churned,0.701075775758614,High
53,Churned,0.597951878410157,Medium
54,Current,0.10714262829754723,Low
55,Churned,0.701075775758614,High
56,Current,0.42007945106536587,Medium
57,Current,0.03792819207212148,Low
58,Current,0.10714262829754723,Low
59,Current,0.03792819207212148,Low
60,Current,0.42007945106536587,Medium
61,Current,0.42007945106536587,Medium
62,Churned,0.701075775758614,High
63,Current,0.2530455969369993,Low
64,Current,0.03792819207212148,Low
65,Current,0.03792819207212148,Low
66,Churned,0.701075775758614,High
67,Churned,0.597951878410157,Medium
68,Current,0.0,Low
69,Churned,0.701075775758614,High
70,Current,0.10714262829754723,Low
71,Current,0.03792819207212148,Low
72,Churned,0.597951878410157,Medium
73,Current,0.03792819207212148,Low
74,Current,0.03792819207212148,Low
75,Churned,0.701075775758614,High
76,Current,0.10714262829754723,Low
77,Current,0.10714262829754723,Low
78,Current,0.3579992807148595,Low
79,Churned,0.701075775758614,High
80,Current,0.3579992807148595,Low
81,Current,0.42007945106536587,Medium
82,Current,0.0,Low
83,Current,0.4634262948207173,Medium
84,Current,0.42007945106536587,Medium
85,Current,0.03792819207212148,Low
86,Current,0.03792819207212148,Low
87,Current,0.3579992807148595,Low
88,Current,0.03792819207212148,Low
89,Current,0.42007945106536587,Medium
90,Churned,0.597951878410157,Medium
91,Current,0.03792819207212148,Low
92,Current,0.4722870219991133,Medium
93,Current,0.3579992807148595,Low
94,Churned,0.701075775758614,High
95,Current,0.10714262829754723,Low
96,Current,0.03792819207212148,Low
97,Current,0.10714262829754723,Low
98,Churned,0.88322082086094,Very High
99,Current,0.03792819207212148,Low
100,Current,0.3579992807148595,Low
101,Current,0.10714262829754723,Low
102,Churned,0.701075775758614,High
103,Current,0.10714262829754723,Low
104,Current,0.03792819207212148,Low
105,Current,0.3579992807148595,Low
106,Current,0.3505641816954378,Low
107,Churned,0.88322082086094,Very High
108,Churned,0.701075775758614,High
109,Churned,0.701075775758614,High
110,Churned,0.701075775758614,High
111,Current,0.2530455969369993,Low
112,Current,0.2530455969369993,Low
113,Current,0.03792819207212148,Low
114,Churned,0.7273256050673844,High
115,Churned,0.88322082086094,Very High
116,Current,0.3579992807148595,Low
117,Current,0.03792819207212148,Low
118,Current,0.03792819207212148,Low
119,Current,0.0,Low
120,Current,0.4722870219991133,Medium
121,Current,0.10714262829754723,Low
122,Current,0.03792819207212148,Low
123,Current,0.10714262829754723,Low
124,Current,0.10714262829754723,Low
125,Current,0.10714262829754723,Low
126,Churned,0.88322082086094,Very High
127,Current,0.10714262829754723,Low
128,Current,0.2530455969369993,Low
129,Current,0.3579992807148595,Low
130,Current,0.03792819207212148,Low
131,Current,0.3579992807148595,Low
132,Current,0.03792819207212148,Low
133,Current,0.03792819207212148,Low
134,Current,0.03792819207212148,Low
135,Current,0.10714262829754723,Low
136,Current,0.0,Low
137,Current,0.2530455969369993,Low
138,Current,0.10714262829754723,Low
139,Current,0.4722870219991133,Medium
140,Current,0.3579992807148595,Low
141,Current,0.03792819207212148,Low
142,Current,0.4722870219991133,Medium
143,Current,0.03792819207212148,Low
144,Churned,0.88322082086094,Very High
145,Current,0.4722870219991133,Medium
146,Current,0.3505641816954378,Low
147,Churned,0.597951878410157,Medium
148,Churned,0.597951878410157,Medium
149,Churned,0.701075775758614,High
150,Current,0.3579992807148595,Low
151,Current,0.3579992807148595,Low
152,Current,0.03792819207212148,Low
153,Current,0.3579992807148595,Low
154,Churned,0.88322082086094,Very High
155,Churned,0.7273256050673844,High
156,Current,0.03792819207212148,Low
157,Current,0.42007945106536587,Medium
158,Churned,0.597951878410157,Medium
159,Current,0.4722870219991133,Medium
160,Current,0.10714262829754723,Low
161,Churned,0.701075775758614,High
162,Churned,0.701075775758614,High
163,Current,0.10714262829754723,Low
164,Current,0.10714262829754723,Low
165,Current,0.03792819207212148,Low
166,Current,0.0,Low
167,Current,0.03792819207212148,Low
168,Current,0.03792819207212148,Low
169,Churned,0.701075775758614,High
170,Current,0.3505641816954378,Low
171,Current,0.03792819207212148,Low
172,Churned,0.701075775758614,High
173,Current,0.03792819207212148,Low
174,Current,0.3579992807148595,Low
175,Churned,0.701075775758614,High
176,Current,0.03792819207212148,Low
177,Current,0.03792819207212148,Low
178,Current,0.10714262829754723,Low
179,Current,0.0,Low
180,Current,0.2530455969369993,Low
181,Current,0.03792819207212148,Low
182,Churned,0.7273256050673844,High
183,Current,0.03792819207212148,Low
184,Current,0.42007945106536587,Medium
185,Churned,0.701075775758614,High
186,Current,0.03792819207212148,Low
187,Current,0.0,Low
188,Current,0.3579992807148595,Low
189,Current,0.03792819207212148,Low
190,Current,0.10714262829754723,Low
191,Current,0.03792819207212148,Low
192,Current,0.0,Low
193,Current,0.4722870219991133,Medium
194,Current,0.3579992807148595,Low
195,Churned,0.701075775758614,High
196,Current,0.42007945106536587,Medium
197,Current,0.3505641816954378,Low
198,Current,0.42007945106536587,Medium
199,Current,0.3579992807148595,Low
200,Current,0.4722870219991133,Medium
201,Current,0.03792819207212148,Low
202,Current,0.03792819207212148,Low
203,Current,0.3505641816954378,Low
204,Churned,0.7273256050673844,High
205,Current,0.3579992807148595,Low
206,Current,0.42007945106536587,Medium
207,Current,0.03792819207212148,Low
208,Current,0.3579992807148595,Low
209,Current,0.03792819207212148,Low
210,Current,0.3505641816954378,Low
211,Current,0.10714262829754723,Low
212,Churned,0.88322082086094,Very High
213,Current,0.0,Low
214,Current,0.42007945106536587,Medium
215,Current,0.03792819207212148,Low
216,Current,0.2530455969369993,Low
217,Current,0.3579992807148595,Low
218,Current,0.0,Low
219,Current,0.3579992807148595,Low
220,Churned,0.701075775758614,High
221,Current,0.4722870219991133,Medium
222,Current,0.3579992807148595,Low
223,Current,0.2530455969369993,Low
224,Churned,0.8413206262763784,High
225,Current,0.03792819207212148,Low
226,Current,0.03792819207212148,Low
227,Current,0.03792819207212148,Low
228,Current,0.3505641816954378,Low
229,Current,0.3505641816954378,Low
230,Churned,0.7273256050673844,High
231,Current,0.03792819207212148,Low
232,Current,0.10714262829754723,Low
233,Current,0.03792819207212148,Low
234,Current,0.03792819207212148,Low
235,Current,0.10714262829754723,Low
236,Current,0.03792819207212148,Low
237,Churned,0.88322082086094,Very High
238,Current,0.03792819207212148,Low
239,Churned,0.701075775758614,High
240,Current,0.10714262829754723,Low
241,Churned,0.88322082086094,Very High
242,Current,0.03792819207212148,Low
243,Current,0.03792819207212148,Low
244,Current,0.3579992807148595,Low
245,Current,0.3579992807148595,Low
246,Current,0.4722870219991133,Medium
247,Current,0.3579992807148595,Low
248,Current,0.10714262829754723,Low
249,Current,0.03792819207212148,Low
250,Current,0.4634262948207173,Medium
251,Churned,0.597951878410157,Medium
252,Churned,0.701075775758614,High
253,Current,0.03792819207212148,Low
254,Current,0.3579992807148595,Low
255,Current,0.4722870219991133,Medium
256,Current,0.10714262829754723,Low
257,Current,0.4722870219991133,Medium
258,Churned,0.7273256050673844,High
259,Current,0.42007945106536587,Medium
260,Current,0.3579992807148595,Low
261,Current,0.0,Low
262,Churned,0.701075775758614,High
263,Churned,0.597951878410157,Medium
264,Current,0.03792819207212148,Low
265,Current,0.4722870219991133,Medium
266,Current,0.0,Low
267,Current,0.42007945106536587,Medium
268,Current,0.4722870219991133,Medium
269,Current,0.42007945106536587,Medium
270,Current,0.3579992807148595,Low
271,Current,0.03792819207212148,Low
272,Current,0.10714262829754723,Low
273,Churned,0.701075775758614,High
274,Churned,0.88322082086094,Very High
275,Current,0.4722870219991133,Medium
276,Current,0.3505641816954378,Low
277,Current,0.0,Low
278,Current,0.0,Low
279,Current,0.03792819207212148,Low
280,Churned,0.701075775758614,High
281,Current,0.03792819207212148,Low
282,Current,0.0,Low
283,Current,0.3579992807148595,Low
284,Current,0.3579992807148595,Low
285,Current,0.03792819207212148,Low
286,Current,0.3505641816954378,Low
287,Current,0.3579992807148595,Low
288,Churned,0.597951878410157,Medium
289,Churned,0.701075775758614,High
290,Churned,0.597951878410157,Medium
291,Current,0.10714262829754723,Low
292,Current,0.0,Low
293,Current,0.03792819207212148,Low
294,Churned,0.597951878410157,Medium
295,Current,0.10714262829754723,Low
296,Churned,0.701075775758614,High
297,Churned,0.88322082086094,Very High
298,Churned,0.7273256050673844,High
299,Current,0.3579992807148595,Low
300,Current,0.3579992807148595,Low
301,Current,0.42007945106536587,Medium
302,Current,0.4722870219991133,Medium
303,Churned,0.701075775758614,High
304,Current,0.10714262829754723,Low
305,Current,0.10714262829754723,Low
306,Churned,0.597951878410157,Medium
307,Current,0.3579992807148595,Low
308,Churned,0.8413206262763784,High
309,Current,0.2530455969369993,Low
310,Current,0.0,Low
311,Current,0.03792819207212148,Low
312,Current,0.10714262829754723,Low
313,Current,0.4722870219991133,Medium
314,Churned,0.701075775758614,High
315,Current,0.03792819207212148,Low
316,Current,0.0,Low
317,Current,0.03792819207212148,Low
318,Current,0.3579992807148595,Low
319,Current,0.3505641816954378,Low
320,Current,0.2530455969369993,Low
321,Current,0.42007945106536587,Medium
322,Churned,0.597951878410157,Medium
323,Churned,0.597951878410157,Medium
324,Current,0.2530455969369993,Low
325,Churned,0.701075775758614,High
326,Current,0.4722870219991133,Medium
327,Churned,0.88322082086094,Very High
328,Current,0.03792819207212148,Low
329,Churned,0.597951878410157,Medium
330,Churned,0.88322082086094,Very High
331,Current,0.0,Low
332,Current,0.3579992807148595,Low
333,Current,0.10714262829754723,Low
334,Churned,0.701075775758614,High
335,Churned,0.7273256050673844,High
336,Current,0.4722870219991133,Medium
337,Current,0.10714262829754723,Low
338,Current,0.42007945106536587,Medium
339,Current,0.03792819207212148,Low
340,Current,0.0,Low
341,Churned,0.7273256050673844,High
342,Current,0.0,Low
343,Churned,0.7273256050673844,High
344,Current,0.3579992807148595,Low
345,Current,0.10714262829754723,Low
346,Current,0.10714262829754723,Low
347,Current,0.03792819207212148,Low
348,Current,0.4722870219991133,Medium
349,Current,0.42007945106536587,Medium
350,Current,0.42007945106536587,Medium
351,Current,0.10714262829754723,Low
352,Current,0.3505641816954378,Low
353,Churned,0.7273256050673844,High
354,Current,0.3579992807148595,Low
355,Current,0.2530455969369993,Low
356,Churned,0.701075775758614,High
357,Current,0.3505641816954378,Low
358,Current,0.03792819207212148,Low
359,Current,0.03792819207212148,Low
360,Current,0.2530455969369993,Low
361,Current,0.42007945106536587,Medium
362,Current,0.03792819207212148,Low
363,Churned,0.701075775758614,High
364,Current,0.3579992807148595,Low
365,Current,0.3579992807148595,Low
366,Current,0.42007945106536587,Medium
367,Current,0.10714262829754723,Low
368,Current,0.10714262829754723,Low
369,Churned,0.88322082086094,Very High
370,Current,0.03792819207212148,Low
371,Current,0.10714262829754723,Low
372,Current,0.03792819207212148,Low
373,Churned,0.701075775758614,High
374,Current,0.10714262829754723,Low
375,Current,0.3505641816954378,Low
376,Current,0.03792819207212148,Low
377,Current,0.03792819207212148,Low
378,Current,0.4722870219991133,Medium
379,Current,0.10714262829754723,Low
380,Current,0.03792819207212148,Low
381,Current,0.4722870219991133,Medium
382,Churned,0.597951878410157,Medium
383,Current,0.03792819207212148,Low
384,Churned,0.701075775758614,High
385,Churned,0.701075775758614,High
386,Current,0.3579992807148595,Low
387,Current,0.42007945106536587,Medium
388,Current,0.10714262829754723,Low
389,Churned,0.597951878410157,Medium
390,Current,0.03792819207212148,Low
391,Current,0.03792819207212148,Low
392,Churned,0.701075775758614,High
393,Current,0.2530455969369993,Low
394,Current,0.3505641816954378,Low
395,Current,0.3579992807148595,Low
396,Current,0.03792819207212148,Low
397,Churned,0.7273256050673844,High
398,Current,0.4722870219991133,Medium
399,Current,0.3579992807148595,Low
400,Current,0.10714262829754723,Low
401,Current,0.3579992807148595,Low
402,Current,0.2530455969369993,Low
403,Current,0.42007945106536587,Medium
404,Current,0.03792819207212148,Low
405,Churned,0.701075775758614,High
406,Current,0.4634262948207173,Medium
407,Current,0.10714262829754723,Low
408,Current,0.03792819207212148,Low
409,Current,0.03792819207212148,Low
410,Current,0.3579992807148595,Low
411,Current,0.03792819207212148,Low
412,Current,0.03792819207212148,Low
413,Current,0.42007945106536587,Medium
414,Current,0.10714262829754723,Low
415,Current,0.3505641816954378,Low
416,Churned,0.701075775758614,High
417,Current,0.0,Low
418,Current,0.2530455969369993,Low
419,Churned,0.701075775758614,High
420,Current,0.10714262829754723,Low
421,Churned,0.7273256050673844,High
422,Current,0.4634262948207173,Medium
423,Churned,0.597951878410157,Medium
424,Current,0.3579992807148595,Low
425,Current,0.0,Low
426,Current,0.3579992807148595,Low
427,Current,0.03792819207212148,Low
428,Current,0.3579992807148595,Low
429,Current,0.03792819207212148,Low
430,Churned,0.597951878410157,Medium
431,Current,0.3579992807148595,Low
432,Current,0.03792819207212148,Low
433,Current,0.3579992807148595,Low
434,Churned,0.701075775758614,High
435,Current,0.03792819207212148,Low
436,Current,0.03792819207212148,Low
437,Churned,0.701075775758614,High
438,Current,0.4634262948207173,Medium
439,Churned,0.88322082086094,Very High
440,Current,0.3579992807148595,Low
441,Current,0.0,Low
442,Current,0.03792819207212148,Low
443,Current,0.3505641816954378,Low
444,Churned,0.701075775758614,High
445,Current,0.3505641816954378,Low
446,Current,0.03792819207212148,Low
447,Current,0.2530455969369993,Low
448,Current,0.3579992807148595,Low
449,Current,0.3579992807148595,Low
450,Churned,0.7273256050673844,High
451,Current,0.2530455969369993,Low
452,Current,0.4722870219991133,Medium
453,Churned,0.7273256050673844,High
454,Current,0.3579992807148595,Low
455,Current,0.10714262829754723,Low
456,Current,0.3579992807148595,Low
457,Churned,0.701075775758614,High
458,Current,0.0,Low
459,Churned,0.597951878410157,Medium
460,Current,0.0,Low
461,Churned,0.597951878410157,Medium
462,Current,0.03792819207212148,Low
463,Current,0.03792819207212148,Low
464,Churned,0.701075775758614,High
465,Current,0.03792819207212148,Low
466,Churned,0.7273256050673844,High
467,Current,0.3505641816954378,Low
468,Current,0.03792819207212148,Low
469,Current,0.03792819207212148,Low
470,Current,0.4722870219991133,Medium
471,Churned,0.597951878410157,Medium
472,Churned,0.701075775758614,High
473,Current,0.10714262829754723,Low
474,Current,0.4722870219991133,Medium
475,Churned,0.597951878410157,Medium
476,Current,0.03792819207212148,Low
477,Current,0.3579992807148595,Low
478,Churned,0.88322082086094,Very High
479,Current,0.0,Low
480,Current,0.3505641816954378,Low
481,Current,0.10714262829754723,Low
482,Current,0.4722870219991133,Medium
483,Current,0.2530455969369993,Low
484,Current,0.42007945106536587,Medium
485,Current,0.42007945106536587,Medium
486,Current,0.03792819207212148,Low
487,Current,0.10714262829754723,Low
488,Current,0.2530455969369993,Low
489,Current,0.03792819207212148,Low
490,Current,0.2530455969369993,Low
491,Current,0.03792819207212148,Low
492,Churned,0.597951878410157,Medium
493,Current,0.4722870219991133,Medium
494,Current,0.10714262829754723,Low
495,Current,0.03792819207212148,Low
496,Current,0.3505641816954378,Low
497,Churned,0.7273256050673844,High
498,Current,0.03792819207212148,Low
499,Current,0.10714262829754723,Low
500,Current,0.3579992807148595,Low
501,Current,0.3579992807148595,Low
502,Churned,0.701075775758614,High
503,Current,0.42007945106536587,Medium
504,Churned,0.701075775758614,High
505,Current,0.42007945106536587,Medium
506,Current,0.03792819207212148,Low
507,Current,0.3579992807148595,Low
508,Current,0.03792819207212148,Low
509,Current,0.42007945106536587,Medium
510,Current,0.3579992807148595,Low
511,Current,0.3579992807148595,Low
512,Churned,0.597951878410157,Medium
513,Churned,0.597951878410157,Medium
514,Churned,0.701075775758614,High
515,Current,0.03792819207212148,Low
516,Churned,0.597951878410157,Medium
517,Current,0.0,Low
518,Current,0.03792819207212148,Low
519,Current,0.10714262829754723,Low
520,Current,0.0,Low
521,Churned,0.7273256050673844,High
522,Current,0.3579992807148595,Low
523,Churned,0.597951878410157,Medium
524,Current,0.03792819207212148,Low
525,Current,0.0,Low
526,Churned,0.88322082086094,Very High
527,Churned,0.7273256050673844,High
528,Current,0.03792819207212148,Low
529,Churned,0.701075775758614,High
530,Current,0.2530455969369993,Low
531,Churned,0.597951878410157,Medium
532,Churned,0.701075775758614,High
533,Current,0.2530455969369993,Low
534,Current,0.3505641816954378,Low
535,Current,0.03792819207212148,Low
536,Current,0.3579992807148595,Low
537,Current,0.03792819207212148,Low
538,Current,0.3579992807148595,Low
539,Churned,0.7273256050673844,High
540,Churned,0.597951878410157,Medium
541,Current,0.10714262829754723,Low
542,Current,0.10714262829754723,Low
543,Current,0.42007945106536587,Medium
544,Current,0.4722870219991133,Medium
545,Churned,0.597951878410157,Medium
546,Current,0.42007945106536587,Medium
547,Current,0.10714262829754723,Low
548,Current,0.2530455969369993,Low
549,Current,0.03792819207212148,Low
550,Current,0.3579992807148595,Low
551,Current,0.03792819207212148,Low
552,Current,0.10714262829754723,Low
553,Churned,0.7273256050673844,High
554,Current,0.03792819207212148,Low
555,Current,0.03792819207212148,Low
556,Current,0.03792819207212148,Low
557,Current,0.0,Low
558,Churned,0.701075775758614,High
559,Current,0.3579992807148595,Low
560,Current,0.03792819207212148,Low
561,Churned,0.701075775758614,High
562,Churned,0.7273256050673844,High
563,Current,0.42007945106536587,Medium
564,Current,0.03792819207212148,Low
565,Churned,0.701075775758614,High
566,Current,0.42007945106536587,Medium
567,Current,0.0,Low
568,Current,0.10714262829754723,Low
569,Current,0.3579992807148595,Low
570,Churned,0.7273256050673844,High
571,Current,0.42007945106536587,Medium
572,Churned,0.597951878410157,Medium
573,Churned,0.88322082086094,Very High
574,Current,0.10714262829754723,Low
575,Churned,0.88322082086094,Very High
576,Current,0.10714262829754723,Low
577,Current,0.03792819207212148,Low
578,Churned,0.701075775758614,High
579,Current,0.03792819207212148,Low
580,Current,0.3579992807148595,Low
581,Current,0.10714262829754723,Low
582,Current,0.10714262829754723,Low
583,Current,0.03792819207212148,Low
584,Current,0.2530455969369993,Low
585,Churned,0.88322082086094,Very High
586,Current,0.0,Low
587,Current,0.03792819207212148,Low
588,Churned,0.8413206262763784,High
589,Current,0.10714262829754723,Low
590,Current,0.42007945106536587,Medium
591,Current,0.10714262829754723,Low
592,Current,0.42007945106536587,Medium
593,Current,0.10714262829754723,Low
594,Current,0.10714262829754723,Low
595,Churned,0.597951878410157,Medium
596,Current,0.2530455969369993,Low
597,Churned,0.88322082086094,Very High
598,Current,0.10714262829754723,Low
599,Current,0.03792819207212148,Low
600,Current,0.42007945106536587,Medium
601,Current,0.03792819207212148,Low
602,Current,0.3579992807148595,Low
603,Current,0.0,Low
604,Current,0.03792819207212148,Low
605,Current,0.3579992807148595,Low
606,Current,0.03792819207212148,Low
607,Current,0.42007945106536587,Medium
608,Churned,0.701075775758614,High
609,Current,0.03792819207212148,Low
610,Current,0.4722870219991133,Medium
611,Current,0.3579992807148595,Low
612,Current,0.42007945106536587,Medium
613,Churned,0.597951878410157,Medium
614,Current,0.03792819207212148,Low
615,Churned,0.88322082086094,Very High
616,Current,0.4722870219991133,Medium
617,Current,0.03792819207212148,Low
618,Current,0.03792819207212148,Low
619,Current,0.42007945106536587,Medium
620,Current,0.3579992807148595,Low
621,Current,0.03792819207212148,Low
622,Current,0.10714262829754723,Low
623,Churned,0.597951878410157,Medium
624,Current,0.03792819207212148,Low
625,Churned,0.597951878410157,Medium
626,Current,0.42007945106536587,Medium
627,Churned,0.701075775758614,High
628,Current,0.3505641816954378,Low
629,Churned,0.7273256050673844,High
630,Current,0.42007945106536587,Medium
631,Current,0.03792819207212148,Low
632,Current,0.2530455969369993,Low
633,Current,0.42007945106536587,Medium
634,Current,0.03792819207212148,Low
635,Current,0.03792819207212148,Low
636,Churned,0.701075775758614,High
637,Churned,0.701075775758614,High
638,Current,0.10714262829754723,Low
639,Current,0.42007945106536587,Medium
640,Current,0.4722870219991133,Medium
641,Churned,0.7273256050673844,High
642,Current,0.10714262829754723,Low
643,Current,0.10714262829754723,Low
644,Current,0.10714262829754723,Low
645,Churned,0.7273256050673844,High
646,Current,0.03792819207212148,Low
647,Current,0.3579992807148595,Low
648,Churned,0.701075775758614,High
649,Current,0.10714262829754723,Low
650,Current,0.3579992807148595,Low
651,Current,0.03792819207212148,Low
652,Current,0.10714262829754723,Low
653,Current,0.03792819207212148,Low
654,Churned,0.701075775758614,High
655,Current,0.2530455969369993,Low
656,Current,0.03792819207212148,Low
657,Current,0.03792819207212148,Low
658,Churned,0.7273256050673844,High
659,Current,0.10714262829754723,Low
660,Current,0.03792819207212148,Low
661,Current,0.3505641816954378,Low
662,Current,0.03792819207212148,Low
663,Current,0.03792819207212148,Low
664,Current,0.3579992807148595,Low
665,Churned,0.597951878410157,Medium
666,Churned,0.88322082086094,Very High
667,Current,0.10714262829754723,Low
668,Current,0.0,Low
669,Current,0.3579992807148595,Low
670,Current,0.42007945106536587,Medium
671,Churned,0.597951878410157,Medium
672,Churned,0.701075775758614,High
673,Current,0.4722870219991133,Medium
674,Current,0.4722870219991133,Medium
675,Churned,0.7273256050673844,High
676,Churned,0.597951878410157,Medium
677,Current,0.10714262829754723,Low
678,Current,0.42007945106536587,Medium
679,Current,0.3579992807148595,Low
680,Current,0.3505641816954378,Low
681,Current,0.10714262829754723,Low
682,Current,0.10714262829754723,Low
683,Current,0.4722870219991133,Medium
684,Current,0.2530455969369993,Low
685,Current,0.3579992807148595,Low
686,Current,0.3579992807148595,Low
687,Churned,0.7273256050673844,High
688,Current,0.0,Low
689,Current,0.10714262829754723,Low
690,Current,0.03792819207212148,Low
691,Current,0.2530455969369993,Low
692,Current,0.2530455969369993,Low
693,Current,0.10714262829754723,Low
694,Current,0.4722870219991133,Medium
695,Current,0.4722870219991133,Medium
696,Current,0.10714262829754723,Low
697,Churned,0.701075775758614,High
698,Current,0.10714262829754723,Low
699,Current,0.10714262829754723,Low
700,Current,0.03792819207212148,Low
701,Current,0.3505641816954378,Low
702,Current,0.03792819207212148,Low
703,Current,0.3579992807148595,Low
704,Current,0.10714262829754723,Low
705,Current,0.42007945106536587,Medium
706,Churned,0.701075775758614,High
707,Current,0.03792819207212148,Low
708,Churned,0.7273256050673844,High
709,Current,0.3505641816954378,Low
710,Current,0.3579992807148595,Low
711,Current,0.4722870219991133,Medium
712,Current,0.3505641816954378,Low
713,Current,0.03792819207212148,Low
714,Churned,0.701075775758614,High
715,Current,0.10714262829754723,Low
716,Churned,0.7273256050673844,High
717,Current,0.3579992807148595,Low
718,Current,0.3579992807148595,Low
719,Churned,0.701075775758614,High
720,Current,0.3579992807148595,Low
721,Churned,0.7273256050673844,High
722,Current,0.0,Low
723,Current,0.03792819207212148,Low
724,Churned,0.88322082086094,Very High
725,Current,0.4634262948207173,Medium
726,Current,0.42007945106536587,Medium
727,Churned,0.701075775758614,High
728,Churned,0.701075775758614,High
729,Current,0.3505641816954378,Low
730,Current,0.10714262829754723,Low
731,Churned,0.88322082086094,Very High
732,Current,0.03792819207212148,Low
733,Current,0.03792819207212148,Low
734,Current,0.3505641816954378,Low
735,Churned,0.7273256050673844,High
736,Current,0.4722870219991133,Medium
737,Current,0.3579992807148595,Low
738,Current,0.03792819207212148,Low
739,Churned,0.597951878410157,Medium
740,Churned,0.7273256050673844,High
741,Churned,0.88322082086094,Very High
742,Current,0.2530455969369993,Low
743,Current,0.03792819207212148,Low
744,Current,0.4722870219991133,Medium
745,Churned,0.701075775758614,High
746,Current,0.03792819207212148,Low
747,Current,0.10714262829754723,Low
748,Current,0.10714262829754723,Low
749,Churned,0.701075775758614,High
750,Churned,0.701075775758614,High
751,Current,0.03792819207212148,Low
752,Current,0.10714262829754723,Low
753,Churned,0.701075775758614,High
754,Current,0.0,Low
755,Current,0.0,Low
756,Current,0.3579992807148595,Low
757,Current,0.42007945106536587,Medium
758,Current,0.3579992807148595,Low
759,Churned,0.8413206262763784,High
760,Current,0.3579992807148595,Low
761,Churned,0.88322082086094,Very High
762,Current,0.4722870219991133,Medium
763,Churned,0.701075775758614,High
764,Current,0.10714262829754723,Low
765,Current,0.10714262829754723,Low
766,Churned,0.88322082086094,Very High
767,Churned,0.701075775758614,High
768,Current,0.03792819207212148,Low
769,Current,0.10714262829754723,Low
770,Current,0.2530455969369993,Low
771,Current,0.10714262829754723,Low
772,Churned,0.88322082086094,Very High
773,Current,0.03792819207212148,Low
774,Current,0.3579992807148595,Low
775,Current,0.03792819207212148,Low
776,Churned,0.701075775758614,High
777,Churned,0.7273256050673844,High
778,Churned,0.597951878410157,Medium
779,Current,0.03792819207212148,Low
780,Current,0.3579992807148595,Low
781,Churned,0.7273256050673844,High
782,Current,0.10714262829754723,Low
783,Current,0.4634262948207173,Medium
784,Current,0.10714262829754723,Low
785,Churned,0.701075775758614,High
786,Current,0.10714262829754723,Low
787,Current,0.4722870219991133,Medium
788,Current,0.4722870219991133,Medium
789,Churned,0.88322082086094,Very High
790,Current,0.03792819207212148,Low
791,Current,0.03792819207212148,Low
792,Current,0.2530455969369993,Low
793,Current,0.03792819207212148,Low
794,Current,0.03792819207212148,Low
795,Churned,0.597951878410157,Medium
796,Current,0.2530455969369993,Low
797,Current,0.0,Low
798,Churned,0.701075775758614,High
799,Current,0.3505641816954378,Low
800,Current,0.03792819207212148,Low
801,Current,0.3505641816954378,Low
802,Current,0.42007945106536587,Medium
803,Churned,0.701075775758614,High
804,Current,0.3505641816954378,Low
805,Current,0.10714262829754723,Low
806,Churned,0.88322082086094,Very High
807,Churned,0.88322082086094,Very High
808,Current,0.10714262829754723,Low
809,Current,0.2530455969369993,Low
810,Current,0.3579992807148595,Low
811,Current,0.03792819207212148,Low
812,Churned,0.7273256050673844,High
813,Current,0.2530455969369993,Low
814,Current,0.03792819207212148,Low
815,Current,0.42007945106536587,Medium
816,Current,0.42007945106536587,Medium
817,Current,0.4722870219991133,Medium
818,Current,0.3579992807148595,Low
819,Current,0.2530455969369993,Low
820,Churned,0.7273256050673844,High
821,Current,0.10714262829754723,Low
822,Churned,0.7273256050673844,High
823,Current,0.03792819207212148,Low
824,Current,0.10714262829754723,Low
825,Churned,0.7273256050673844,High
826,Current,0.03792819207212148,Low
827,Current,0.0,Low
828,Current,0.0,Low
829,Current,0.3579992807148595,Low
830,Current,0.03792819207212148,Low
831,Churned,0.701075775758614,High
832,Current,0.10714262829754723,Low
833,Current,0.10714262829754723,Low
834,Churned,0.7273256050673844,High
835,Current,0.03792819207212148,Low
836,Current,0.0,Low
837,Current,0.03792819207212148,Low
838,Current,0.03792819207212148,Low
839,Current,0.0,Low
840,Current,0.03792819207212148,Low
841,Churned,0.701075775758614,High
842,Churned,0.88322082086094,Very High
843,Current,0.2530455969369993,Low
844,Churned,0.701075775758614,High
845,Current,0.42007945106536587,Medium
846,Current,0.03792819207212148,Low
847,Current,0.42007945106536587,Medium
848,Current,0.42007945106536587,Medium
849,Current,0.10714262829754723,Low
850,Current,0.3579992807148595,Low
851,Current,0.10714262829754723,Low
852,Current,0.03792819207212148,Low
853,Current,0.03792819207212148,Low
854,Current,0.10714262829754723,Low
855,Current,0.2530455969369993,Low
856,Current,0.03792819207212148,Low
857,Current,0.10714262829754723,Low
858,Current,0.42007945106536587,Medium
859,Current,0.42007945106536587,Medium
860,Current,0.0,Low
861,Current,0.0,Low
862,Current,0.3579992807148595,Low
863,Current,0.10714262829754723,Low
864,Current,0.3579992807148595,Low
865,Current,0.03792819207212148,Low
866,Current,0.3579992807148595,Low
867,Current,0.42007945106536587,Medium
868,Current,0.3505641816954378,Low
869,Current,0.0,Low
870,Current,0.03792819207212148,Low
871,Current,0.03792819207212148,Low
872,Churned,0.701075775758614,High
873,Churned,0.701075775758614,High
874,Current,0.2530455969369993,Low
875,Churned,0.701075775758614,High
876,Current,0.42007945106536587,Medium
877,Churned,0.7273256050673844,High
878,Current,0.2530455969369993,Low
879,Current,0.2530455969369993,Low
880,Current,0.4722870219991133,Medium
881,Current,0.4722870219991133,Medium
882,Current,0.42007945106536587,Medium
883,Current,0.03792819207212148,Low
884,Current,0.4722870219991133,Medium
885,Churned,0.597951878410157,Medium
886,Churned,0.701075775758614,High
887,Current,0.03792819207212148,Low
888,Current,0.03792819207212148,Low
889,Current,0.10714262829754723,Low
890,Current,0.10714262829754723,Low
891,Current,0.03792819207212148,Low
892,Current,0.03792819207212148,Low
893,Current,0.0,Low
894,Churned,0.701075775758614,High
895,Churned,0.88322082086094,Very High
896,Current,0.3579992807148595,Low
897,Current,0.10714262829754723,Low
898,Current,0.03792819207212148,Low
899,Current,0.42007945106536587,Medium
900,Current,0.42007945106536587,Medium
901,Current,0.3579992807148595,Low
902,Current,0.4722870219991133,Medium
903,Current,0.03792819207212148,Low
904,Current,0.03792819207212148,Low
905,Churned,0.597951878410157,Medium
906,Current,0.03792819207212148,Low
907,Current,0.0,Low
908,Churned,0.7273256050673844,High
909,Current,0.2530455969369993,Low
910,Current,0.3579992807148595,Low
911,Current,0.3505641816954378,Low
912,Churned,0.701075775758614,High
913,Current,0.10714262829754723,Low
914,Current,0.3505641816954378,Low
915,Current,0.2530455969369993,Low
916,Current,0.0,Low
917,Current,0.4722870219991133,Medium
918,Current,0.03792819207212148,Low
919,Churned,0.7273256050673844,High
920,Current,0.03792819207212148,Low
921,Current,0.03792819207212148,Low
922,Current,0.2530455969369993,Low
923,Current,0.0,Low
924,Current,0.4634262948207173,Medium
925,Churned,0.701075775758614,High
926,Current,0.0,Low
927,Current,0.03792819207212148,Low
928,Current,0.03792819207212148,Low
929,Current,0.03792819207212148,Low
930,Churned,0.7273256050673844,High
931,Current,0.03792819207212148,Low
932,Current,0.4722870219991133,Medium
933,Churned,0.701075775758614,High
934,Current,0.03792819207212148,Low
935,Current,0.10714262829754723,Low
936,Current,0.03792819207212148,Low
937,Current,0.10714262829754723,Low
938,Churned,0.597951878410157,Medium
939,Current,0.3579992807148595,Low
940,Current,0.3579992807148595,Low
941,Churned,0.597951878410157,Medium
942,Current,0.0,Low
943,Current,0.3579992807148595,Low
944,Current,0.42007945106536587,Medium
945,Churned,0.701075775758614,High
946,Current,0.3579992807148595,Low
947,Current,0.0,Low
948,Current,0.03792819207212148,Low
949,Current,0.3505641816954378,Low
950,Current,0.2530455969369993,Low
951,Current,0.10714262829754723,Low
952,Current,0.4722870219991133,Medium
953,Churned,0.7273256050673844,High
954,Current,0.10714262829754723,Low
955,Churned,0.597951878410157,Medium
956,Current,0.3505641816954378,Low
957,Current,0.03792819207212148,Low
958,Current,0.03792819207212148,Low
959,Churned,0.597951878410157,Medium
960,Current,0.10714262829754723,Low
961,Churned,0.701075775758614,High
962,Current,0.3505641816954378,Low
963,Churned,0.7273256050673844,High
964,Current,0.0,Low
965,Current,0.03792819207212148,Low
966,Current,0.03792819207212148,Low
967,Churned,0.597951878410157,Medium
968,Current,0.4722870219991133,Medium
969,Churned,0.701075775758614,High
970,Current,0.3579992807148595,Low
971,Current,0.10714262829754723,Low
972,Current,0.3579992807148595,Low
973,Current,0.0,Low
974,Churned,0.88322082086094,Very High
975,Current,0.2530455969369993,Low
976,Current,0.03792819207212148,Low
977,Current,0.3579992807148595,Low
978,Current,0.2530455969369993,Low
979,Current,0.03792819207212148,Low
980,Current,0.3505641816954378,Low
981,Current,0.03792819207212148,Low
982,Current,0.03792819207212148,Low
983,Current,0.3505641816954378,Low
984,Current,0.42007945106536587,Medium
985,Current,0.3579992807148595,Low
986,Churned,0.88322082086094,Very High
987,Current,0.2530455969369993,Low
988,Churned,0.701075775758614,High
989,Current,0.4634262948207173,Medium
990,Current,0.3579992807148595,Low
991,Current,0.03792819207212148,Low
992,Current,0.4722870219991133,Medium
993,Current,0.03792819207212148,Low
994,Current,0.10714262829754723,Low
995,Current,0.3579992807148595,Low
996,Churned,0.701075775758614,High
997,Current,0.10714262829754723,Low
998,Current,0.03792819207212148,Low
999,Current,0.4722870219991133,Medium
1000,Current,0.2530455969369993,Low
1001,Churned,0.597951878410157,Medium
1002,Current,0.10714262829754723,Low
1003,Churned,0.7273256050673844,High
1004,Current,0.0,Low
1005,Churned,0.7273256050673844,High
1006,Churned,0.701075775758614,High
1007,Current,0.10714262829754723,Low
1008,Churned,0.701075775758614,High
1009,Current,0.42007945106536587,Medium
1010,Current,0.3579992807148595,Low
1011,Current,0.3579992807148595,Low
1012,Current,0.03792819207212148,Low
1013,Churned,0.7273256050673844,High
1014,Current,0.3505641816954378,Low
1015,Current,0.3505641816954378,Low
1016,Churned,0.701075775758614,High
1017,Current,0.03792819207212148,Low
1018,Churned,0.88322082086094,Very High
1019,Current,0.0,Low
1020,Current,0.3505641816954378,Low
1021,Current,0.03792819207212148,Low
1022,Current,0.4722870219991133,Medium
1023,Current,0.3579992807148595,Low
1024,Current,0.42007945106536587,Medium
1025,Churned,0.88322082086094,Very High
1026,Current,0.0,Low
1027,Current,0.03792819207212148,Low
1028,Current,0.3579992807148595,Low
1029,Current,0.03792819207212148,Low
1030,Current,0.10714262829754723,Low
1031,Current,0.0,Low
1032,Current,0.03792819207212148,Low
1033,Current,0.4722870219991133,Medium
1034,Current,0.10714262829754723,Low
1035,Current,0.03792819207212148,Low
1036,Current,0.3505641816954378,Low
1037,Current,0.2530455969369993,Low
1038,Current,0.03792819207212148,Low
1039,Churned,0.88322082086094,Very High
1040,Current,0.03792819207212148,Low
1041,Current,0.03792819207212148,Low
1042,Current,0.10714262829754723,Low
1043,Current,0.3579992807148595,Low
1044,Current,0.10714262829754723,Low
1045,Current,0.4722870219991133,Medium
1046,Current,0.03792819207212148,Low
1047,Current,0.03792819207212148,Low
1048,Current,0.4722870219991133,Medium
1049,Current,0.0,Low
1050,Current,0.03792819207212148,Low
1051,Current,0.3505641816954378,Low
1052,Churned,0.7273256050673844,High
1053,Current,0.0,Low
1054,Current,0.0,Low
1055,Current,0.10714262829754723,Low
1056,Current,0.3505641816954378,Low
1057,Current,0.10714262829754723,Low
1058,Current,0.3579992807148595,Low
1059,Current,0.2530455969369993,Low
1060,Current,0.10714262829754723,Low
1061,Churned,0.88322082086094,Very High
1062,Current,0.10714262829754723,Low
1063,Churned,0.597951878410157,Medium
1064,Current,0.03792819207212148,Low
1065,Current,0.0,Low
1066,Current,0.4634262948207173,Medium
1067,Current,0.3505641816954378,Low
1068,Current,0.4722870219991133,Medium
1069,Current,0.4722870219991133,Medium
1070,Current,0.10714262829754723,Low
1071,Current,0.03792819207212148,Low
1072,Churned,0.597951878410157,Medium
1073,Churned,0.701075775758614,High
1074,Current,0.3579992807148595,Low
1075,Current,0.3579992807148595,Low
1076,Current,0.2530455969369993,Low
1077,Churned,1.0,Very High
1078,Churned,0.701075775758614,High
1079,Current,0.3579992807148595,Low
1080,Current,0.42007945106536587,Medium
1081,Current,0.10714262829754723,Low
1082,Current,0.10714262829754723,Low
1083,Current,0.10714262829754723,Low
1084,Current,0.3505641816954378,Low
1085,Current,0.3579992807148595,Low
1086,Current,0.42007945106536587,Medium
1087,Churned,0.7273256050673844,High
1088,Current,0.10714262829754723,Low
1089,Churned,0.701075775758614,High
1090,Current,0.0,Low
1091,Current,0.03792819207212148,Low
1092,Churned,0.597951878410157,Medium
1093,Current,0.03792819207212148,Low
1094,Churned,0.88322082086094,Very High
1095,Current,0.10714262829754723,Low
1096,Current,0.2530455969369993,Low
1097,Churned,0.88322082086094,Very High
1098,Current,0.03792819207212148,Low
1099,Current,0.3579992807148595,Low
1100,Current,0.0,Low
1101,Current,0.3505641816954378,Low
1102,Churned,0.8413206262763784,High
1103,Current,0.03792819207212148,Low
1104,Current,0.0,Low
1105,Current,0.03792819207212148,Low
1106,Current,0.3579992807148595,Low
1107,Current,0.03792819207212148,Low
1108,Churned,0.597951878410157,Medium
1109,Churned,0.7273256050673844,High
1110,Churned,0.701075775758614,High
1111,Current,0.03792819207212148,Low
1112,Churned,0.7273256050673844,High
1113,Churned,0.88322082086094,Very High
1114,Current,0.03792819207212148,Low
1115,Current,0.4634262948207173,Medium
1116,Churned,0.88322082086094,Very High
1117,Churned,0.701075775758614,High
1118,Current,0.2530455969369993,Low
1119,Current,0.0,Low
1120,Churned,0.7273256050673844,High
1121,Churned,0.701075775758614,High
1122,Churned,0.701075775758614,High
1123,Current,0.4722870219991133,Medium
1124,Current,0.03792819207212148,Low
1125,Current,0.3579992807148595,Low
1126,Current,0.42007945106536587,Medium
1127,Current,0.3579992807148595,Low
1128,Current,0.03792819207212148,Low
1129,Current,0.03792819207212148,Low
1130,Current,0.3505641816954378,Low
1131,Current,0.10714262829754723,Low
1132,Current,0.0,Low
1133,Current,0.10714262829754723,Low
1134,Current,0.4634262948207173,Medium
1135,Current,0.42007945106536587,Medium
1136,Churned,0.88322082086094,Very High
1137,Current,0.3505641816954378,Low
1138,Current,0.4722870219991133,Medium
1139,Current,0.03792819207212148,Low
1140,Current,0.42007945106536587,Medium
1141,Current,0.03792819207212148,Low
1142,Current,0.10714262829754723,Low
1143,Current,0.3579992807148595,Low
1144,Churned,0.701075775758614,High
1145,Current,0.10714262829754723,Low
1146,Current,0.10714262829754723,Low
1147,Current,0.03792819207212148,Low
1148,Current,0.03792819207212148,Low
1149,Current,0.3579992807148595,Low
1150,Current,0.03792819207212148,Low
1151,Current,0.4722870219991133,Medium
1152,Current,0.10714262829754723,Low
1153,Churned,0.701075775758614,High
1154,Current,0.42007945106536587,Medium
1155,Current,0.4634262948207173,Medium
1156,Current,0.3505641816954378,Low
1157,Current,0.4722870219991133,Medium
1158,Current,0.03792819207212148,Low
1159,Current,0.10714262829754723,Low
1160,Current,0.42007945106536587,Medium
1161,Churned,0.7273256050673844,High
1162,Current,0.3579992807148595,Low
1163,Churned,0.7273256050673844,High
1164,Current,0.42007945106536587,Medium
1165,Current,0.3579992807148595,Low
1166,Current,0.3579992807148595,Low
1167,Current,0.3579992807148595,Low
1168,Current,0.2530455969369993,Low
1169,Current,0.10714262829754723,Low
1170,Churned,0.701075775758614,High
1171,Current,0.03792819207212148,Low
1172,Churned,0.701075775758614,High
1173,Churned,0.7273256050673844,High
1174,Current,0.4722870219991133,Medium
1175,Current,0.03792819207212148,Low
1176,Churned,0.701075775758614,High
1177,Current,0.10714262829754723,Low
1178,Churned,0.701075775758614,High
1179,Churned,0.701075775758614,High
1180,Current,0.10714262829754723,Low
1181,Current,0.4722870219991133,Medium
1182,Current,0.2530455969369993,Low
1183,Current,0.03792819207212148,Low
1184,Current,0.4634262948207173,Medium
1185,Current,0.10714262829754723,Low
1186,Current,0.10714262829754723,Low
1187,Current,0.3505641816954378,Low
1188,Current,0.4722870219991133,Medium
1189,Current,0.10714262829754723,Low
1190,Current,0.3579992807148595,Low
1191,Current,0.4722870219991133,Medium
1192,Current,0.42007945106536587,Medium
1193,Churned,0.597951878410157,Medium
1194,Current,0.0,Low
1195,Current,0.4722870219991133,Medium
1196,Current,0.03792819207212148,Low
1197,Current,0.4722870219991133,Medium
1198,Current,0.10714262829754723,Low
1199,Current,0.10714262829754723,Low
1200,Current,0.4722870219991133,Medium
1201,Current,0.10714262829754723,Low
1202,Current,0.10714262829754723,Low
1203,Current,0.10714262829754723,Low
1204,Current,0.10714262829754723,Low
1205,Current,0.4722870219991133,Medium
1206,Churned,0.701075775758614,High
1207,Current,0.03792819207212148,Low
1208,Current,0.03792819207212148,Low
1209,Churned,0.88322082086094,Very High
1210,Current,0.3505641816954378,Low
1211,Churned,0.7273256050673844,High
1212,Current,0.3505641816954378,Low
1213,Current,0.03792819207212148,Low
1214,Current,0.03792819207212148,Low
1215,Current,0.42007945106536587,Medium
1216,Current,0.3579992807148595,Low
1217,Current,0.2530455969369993,Low
1218,Churned,0.701075775758614,High
1219,Current,0.10714262829754723,Low
1220,Current,0.03792819207212148,Low
1221,Churned,0.88322082086094,Very High
1222,Current,0.4722870219991133,Medium
1223,Churned,0.88322082086094,Very High
1224,Current,0.42007945106536587,Medium
1225,Current,0.2530455969369993,Low
1226,Current,0.42007945106536587,Medium
1227,Current,0.03792819207212148,Low
1228,Current,0.03792819207212148,Low
1229,Churned,0.701075775758614,High
1230,Current,0.2530455969369993,Low
1231,Current,0.3579992807148595,Low
1232,Churned,0.701075775758614,High
1233,Current,0.03792819207212148,Low
1234,Current,0.10714262829754723,Low
1235,Current,0.03792819207212148,Low
1236,Current,0.03792819207212148,Low
1237,Current,0.2530455969369993,Low
1238,Current,0.3579992807148595,Low
1239,Churned,0.701075775758614,High
1240,Churned,0.701075775758614,High
1241,Current,0.3579992807148595,Low
1242,Current,0.03792819207212148,Low
1243,Current,0.3579992807148595,Low
1244,Churned,0.701075775758614,High
1245,Current,0.3505641816954378,Low
1246,Current,0.3505641816954378,Low
1247,Current,0.10714262829754723,Low
1248,Current,0.2530455969369993,Low
1249,Current,0.42007945106536587,Medium
1250,Current,0.10714262829754723,Low
1251,Current,0.3579992807148595,Low
1252,Current,0.03792819207212148,Low
1253,Churned,0.701075775758614,High
1254,Current,0.2530455969369993,Low
1255,Churned,0.701075775758614,High
1256,Current,0.4722870219991133,Medium
1257,Current,0.10714262829754723,Low
1258,Current,0.03792819207212148,Low
1259,Current,0.42007945106536587,Medium
1260,Current,0.03792819207212148,Low
1261,Current,0.10714262829754723,Low
1262,Current,0.3579992807148595,Low
1263,Churned,0.701075775758614,High
1264,Current,0.03792819207212148,Low
1265,Current,0.3579992807148595,Low
1266,Current,0.03792819207212148,Low
1267,Churned,0.701075775758614,High
1268,Current,0.03792819207212148,Low
1269,Current,0.10714262829754723,Low
1270,Current,0.3505641816954378,Low
1271,Current,0.3579992807148595,Low
1272,Current,0.0,Low
1273,Current,0.3579992807148595,Low
1274,Current,0.10714262829754723,Low
1275,Current,0.4722870219991133,Medium
1276,Current,0.3579992807148595,Low
1277,Current,0.03792819207212148,Low
1278,Churned,0.701075775758614,High
1279,Churned,0.88322082086094,Very High
1280,Current,0.3505641816954378,Low
1281,Churned,0.701075775758614,High
1282,Churned,0.88322082086094,Very High
1283,Current,0.3579992807148595,Low
1284,Churned,0.701075775758614,High
1285,Current,0.10714262829754723,Low
1286,Current,0.0,Low
1287,Churned,0.597951878410157,Medium
1288,Current,0.03792819207212148,Low
1289,Current,0.03792819207212148,Low
1290,Current,0.03792819207212148,Low
1291,Current,0.3505641816954378,Low
1292,Current,0.0,Low
1293,Churned,0.7273256050673844,High
1294,Current,0.42007945106536587,Medium
1295,Churned,0.597951878410157,Medium
1296,Current,0.03792819207212148,Low
1297,Churned,0.88322082086094,Very High
1298,Current,0.0,Low
1299,Current,0.0,Low
1300,Current,0.10714262829754723,Low
1301,Current,0.3505641816954378,Low
1302,Current,0.4722870219991133,Medium
1303,Churned,0.701075775758614,High
1304,Churned,0.701075775758614,High
1305,Current,0.10714262829754723,Low
1306,Current,0.03792819207212148,Low
1307,Current,0.42007945106536587,Medium
1308,Current,0.3505641816954378,Low
1309,Current,0.03792819207212148,Low
1310,Churned,0.701075775758614,High
1311,Current,0.0,Low
1312,Current,0.10714262829754723,Low
1313,Churned,0.597951878410157,Medium
1314,Current,0.3579992807148595,Low
1315,Churned,0.701075775758614,High
1316,Current,0.03792819207212148,Low
1317,Churned,0.701075775758614,High
1318,Current,0.03792819207212148,Low
1319,Current,0.4722870219991133,Medium
1320,Current,0.4722870219991133,Medium
1321,Churned,0.701075775758614,High
1322,Current,0.03792819207212148,Low
1323,Current,0.42007945106536587,Medium
1324,Churned,0.701075775758614,High
1325,Current,0.03792819207212148,Low
1326,Current,0.03792819207212148,Low
1327,Current,0.4722870219991133,Medium
1328,Current,0.03792819207212148,Low
1329,Current,0.03792819207212148,Low
1330,Current,0.10714262829754723,Low
1331,Current,0.42007945106536587,Medium
1332,Churned,0.7273256050673844,High
1333,Churned,0.7273256050673844,High
1334,Current,0.03792819207212148,Low
1335,Current,0.4722870219991133,Medium
1336,Churned,0.88322082086094,Very High
1337,Churned,0.88322082086094,Very High
1338,Churned,0.701075775758614,High
1339,Current,0.10714262829754723,Low
1340,Current,0.3505641816954378,Low
1341,Current,0.10714262829754723,Low
1342,Churned,0.88322082086094,Very High
1343,Current,0.3579992807148595,Low
1344,Current,0.03792819207212148,Low
1345,Current,0.3505641816954378,Low
1346,Current,0.4722870219991133,Medium
1347,Current,0.3579992807148595,Low
1348,Churned,0.701075775758614,High
1349,Churned,0.701075775758614,High
1350,Current,0.3505641816954378,Low
1351,Current,0.03792819207212148,Low
1352,Current,0.3579992807148595,Low
1353,Churned,0.597951878410157,Medium
1354,Churned,0.88322082086094,Very High
1355,Current,0.10714262829754723,Low
1356,Current,0.03792819207212148,Low
1357,Current,0.10714262829754723,Low
1358,Churned,0.597951878410157,Medium
1359,Current,0.03792819207212148,Low
1360,Current,0.42007945106536587,Medium
1361,Current,0.03792819207212148,Low
1362,Current,0.3579992807148595,Low
1363,Churned,0.701075775758614,High
1364,Current,0.3579992807148595,Low
1365,Churned,0.597951878410157,Medium
1366,Current,0.3505641816954378,Low
1367,Current,0.03792819207212148,Low
1368,Current,0.2530455969369993,Low
1369,Current,0.03792819207212148,Low
1370,Current,0.10714262829754723,Low
1371,Current,0.3505641816954378,Low
1372,Current,0.42007945106536587,Medium
1373,Current,0.42007945106536587,Medium
1374,Current,0.10714262829754723,Low
1375,Current,0.3579992807148595,Low
1376,Current,0.03792819207212148,Low
1377,Current,0.03792819207212148,Low
1378,Current,0.10714262829754723,Low
1379,Churned,0.701075775758614,High
1380,Current,0.03792819207212148,Low
1381,Current,0.3579992807148595,Low
1382,Current,0.2530455969369993,Low
1383,Churned,0.88322082086094,Very High
1384,Current,0.03792819207212148,Low
1385,Current,0.42007945106536587,Medium
1386,Current,0.0,Low
1387,Churned,0.597951878410157,Medium
1388,Current,0.3505641816954378,Low
1389,Current,0.03792819207212148,Low
1390,Churned,0.597951878410157,Medium
1391,Current,0.3579992807148595,Low
1392,Current,0.03792819207212148,Low
1393,Current,0.4722870219991133,Medium
1394,Current,0.2530455969369993,Low
1395,Current,0.2530455969369993,Low
1396,Current,0.0,Low
1397,Current,0.42007945106536587,Medium
1398,Churned,0.701075775758614,High
1399,Current,0.10714262829754723,Low
1400,Current,0.0,Low
1401,Current,0.4722870219991133,Medium
1402,Current,0.0,Low
1403,Current,0.0,Low
1404,Churned,0.7273256050673844,High
1405,Churned,0.597951878410157,Medium
1406,Churned,0.701075775758614,High
1407,Current,0.03792819207212148,Low
1408,Current,0.3579992807148595,Low
1409,Current,0.3579992807148595,Low
1410,Current,0.0,Low
1411,Churned,0.701075775758614,High
1412,Current,0.03792819207212148,Low
1413,Current,0.03792819207212148,Low
1414,Current,0.03792819207212148,Low
1415,Current,0.10714262829754723,Low
1416,Churned,0.88322082086094,Very High
1417,Current,0.3505641816954378,Low
1418,Current,0.0,Low
1419,Current,0.03792819207212148,Low
1420,Current,0.3579992807148595,Low
1421,Current,0.03792819207212148,Low
1422,Current,0.3579992807148595,Low
1423,Current,0.0,Low
1424,Current,0.10714262829754723,Low
1425,Current,0.4722870219991133,Medium
1426,Current,0.10714262829754723,Low
1427,Current,0.3579992807148595,Low
1428,Current,0.2530455969369993,Low
1429,Current,0.10714262829754723,Low
1430,Churned,0.7273256050673844,High
1431,Churned,0.701075775758614,High
1432,Current,0.10714262829754723,Low
1433,Churned,0.701075775758614,High
1434,Churned,0.701075775758614,High
1435,Current,0.3505641816954378,Low
1436,Current,0.3505641816954378,Low
1437,Current,0.0,Low
1438,Current,0.4722870219991133,Medium
1439,Current,0.3579992807148595,Low
1440,Current,0.10714262829754723,Low
1441,Current,0.3579992807148595,Low
1442,Current,0.0,Low
1443,Churned,0.7273256050673844,High
1444,Current,0.4634262948207173,Medium
1445,Churned,0.701075775758614,High
1446,Current,0.03792819207212148,Low
1447,Current,0.3505641816954378,Low
1448,Current,0.4722870219991133,Medium
1449,Current,0.03792819207212148,Low
1450,Current,0.10714262829754723,Low
1451,Current,0.10714262829754723,Low
1452,Churned,0.701075775758614,High
1453,Churned,0.7273256050673844,High
1454,Churned,0.7273256050673844,High
1455,Current,0.2530455969369993,Low
1456,Current,0.4722870219991133,Medium
1457,Current,0.3579992807148595,Low
1458,Current,0.2530455969369993,Low
1459,Current,0.10714262829754723,Low
1460,Current,0.4722870219991133,Medium
1461,Current,0.03792819207212148,Low
1462,Churned,0.701075775758614,High
1463,Churned,0.701075775758614,High
1464,Current,0.03792819207212148,Low
1465,Current,0.2530455969369993,Low
1466,Current,0.3505641816954378,Low
1467,Current,0.10714262829754723,Low
1468,Current,0.3579992807148595,Low
1469,Churned,0.88322082086094,Very High
1470,Current,0.4722870219991133,Medium
1471,Current,0.3579992807148595,Low
1472,Current,0.4722870219991133,Medium
1473,Current,0.2530455969369993,Low
1474,Current,0.3579992807148595,Low
1475,Current,0.42007945106536587,Medium
1476,Current,0.3579992807148595,Low
1477,Churned,0.7273256050673844,High
1478,Churned,0.701075775758614,High
1479,Current,0.03792819207212148,Low
1480,Current,0.42007945106536587,Medium
1481,Current,0.3505641816954378,Low
1482,Current,0.10714262829754723,Low
1483,Churned,0.7273256050673844,High
1484,Current,0.42007945106536587,Medium
1485,Churned,0.701075775758614,High
1486,Current,0.03792819207212148,Low
1487,Churned,0.597951878410157,Medium
1488,Current,0.42007945106536587,Medium
1489,Current,0.2530455969369993,Low
1490,Churned,0.7273256050673844,High
1491,Current,0.42007945106536587,Medium
1492,Current,0.42007945106536587,Medium
1493,Churned,0.7273256050673844,High
1494,Current,0.2530455969369993,Low
1495,Churned,0.701075775758614,High
1496,Current,0.03792819207212148,Low
1497,Current,0.42007945106536587,Medium
1498,Current,0.4634262948207173,Medium
1499,Current,0.3505641816954378,Low
1500,Current,0.03792819207212148,Low
1501,Churned,0.701075775758614,High
1502,Current,0.4722870219991133,Medium
1503,Current,0.03792819207212148,Low
1504,Churned,0.701075775758614,High
1505,Current,0.4722870219991133,Medium
1506,Churned,0.597951878410157,Medium
1507,Current,0.10714262829754723,Low
1508,Churned,0.597951878410157,Medium
1509,Current,0.03792819207212148,Low
1510,Current,0.10714262829754723,Low
1511,Current,0.4722870219991133,Medium
1512,Current,0.3505641816954378,Low
1513,Current,0.3579992807148595,Low
1514,Current,0.42007945106536587,Medium
1515,Current,0.4722870219991133,Medium
1516,Churned,0.701075775758614,High
1517,Current,0.0,Low
1518,Current,0.3579992807148595,Low
1519,Current,0.10714262829754723,Low
1520,Current,0.42007945106536587,Medium
1521,Churned,0.701075775758614,High
1522,Current,0.03792819207212148,Low
1523,Churned,0.7273256050673844,High
1524,Current,0.03792819207212148,Low
1525,Churned,0.7273256050673844,High
1526,Current,0.4722870219991133,Medium
1527,Current,0.03792819207212148,Low
1528,Current,0.10714262829754723,Low
1529,Current,0.3579992807148595,Low
1530,Current,0.3579992807148595,Low
1531,Churned,0.7273256050673844,High
1532,Current,0.10714262829754723,Low
1533,Current,0.10714262829754723,Low
1534,Churned,0.7273256050673844,High
1535,Current,0.03792819207212148,Low
1536,Current,0.03792819207212148,Low
1537,Churned,0.701075775758614,High
1538,Current,0.42007945106536587,Medium
